{
  "title": "Range Test from 1 to [2, 3] on PI Network Card. GetPerf: False, UWB: True ",
  "data": {
    "targetDrone": [
      2,
      3,
      2,
      3,
      2,
      3,
      2,
      3,
      2,
      3,
      2,
      3,
      2,
      3,
      2,
      3,
      2,
      3,
      2,
      3,
      2,
      3,
      2,
      3,
      2,
      3,
      2,
      3,
      3,
      2,
      2,
      3,
      2,
      3,
      2,
      3,
      3,
      2,
      2,
      3
    ],
    "avgUploadThroughputMbps": [
      162.083061,
      135.8567594,
      147.9249551,
      141.2390394,
      150.4226306,
      142.1566734,
      152.69961849999999,
      138.3051543,
      150.3608917,
      144.2953904,
      150.8842762,
      133.1905824,
      140.93783849999997,
      130.3081514,
      136.4299938,
      131.3366229,
      144.36868330000001,
      134.6110187,
      138.5948167,
      130.22939169999998,
      136.41209940000002,
      129.9719992,
      149.2374104,
      139.6842445,
      151.8106017,
      142.2988496,
      153.66422949999998,
      142.3051982,
      144.3720008,
      154.9966808,
      153.9600756,
      142.8404483,
      150.9430548,
      139.4397266,
      165.4320346,
      152.56907329999999,
      143.222627,
      154.56504009999998,
      142.212174,
      132.59926769999998
    ],
    "avgUploadRttMs": [
      8.4336,
      13.762,
      0.9642000000000001,
      1.0269,
      0.9301,
      0.9933,
      0.9251999999999999,
      1.0165,
      0.9401,
      0.9641,
      0.9323,
      1.0609,
      0.9909,
      1.0783,
      1.0385,
      1.08,
      0.9826999999999999,
      1.0476,
      1.0672,
      1.0762,
      1.0447,
      1.0928,
      0.9779000000000001,
      1.0106,
      0.9314,
      1.008,
      0.9106000000000001,
      0.978,
      0.9665,
      0.9081999999999999,
      0.9279000000000001,
      0.9902,
      0.9354,
      1.0142,
      0.8368000000000001,
      0.8992,
      0.9788,
      0.9117000000000001,
      1.0334999999999999,
      1.0932
    ],
    "minUploadThroughput": [
      0.5129199999999999,
      0.51719,
      60.182559999999995,
      26.75932,
      82.62960000000001,
      46.71941,
      91.12521000000001,
      65.67926,
      68.18023,
      77.99918,
      81.11362,
      76.96889,
      81.53676,
      78.43897,
      75.52928,
      73.12638000000001,
      83.01684,
      68.37966,
      26.7367,
      75.50112,
      55.9594,
      44.65073,
      28.513849999999998,
      76.0111,
      79.29808,
      71.13158,
      96.37022999999999,
      92.75063,
      81.92896,
      88.76595,
      53.6088,
      69.14182000000001,
      82.3326,
      63.997690000000006,
      97.1786,
      93.84142999999999,
      78.7015,
      82.14933,
      28.17402,
      28.71445
    ],
    "maxUploadThroughput": [
      256.82582,
      219.23432,
      247.08201,
      222.80060999999998,
      238.60632999999999,
      221.57437,
      235.68564999999998,
      208.9588,
      252.01176,
      210.88254,
      240.72478,
      222.89405,
      226.21489000000003,
      236.8268,
      236.65123,
      216.37785,
      243.70541,
      216.09629,
      248.32897,
      205.23055,
      246.90642000000003,
      206.04576999999998,
      272.49719,
      222.83797,
      254.75741,
      201.8168,
      237.43366,
      222.14866,
      206.15409,
      236.54589,
      247.26594,
      218.11852,
      240.86301999999998,
      216.60715,
      218.5491,
      196.11189000000002,
      262.69104999999996,
      246.41749,
      222.09295,
      210.78217
    ],
    "minUploadRtt": [
      0.52,
      0.61,
      0.54,
      0.6,
      0.56,
      0.6,
      0.56,
      0.64,
      0.53,
      0.63,
      0.55,
      0.6,
      0.59,
      0.56,
      0.56,
      0.61,
      0.55,
      0.61,
      0.53,
      0.65,
      0.54,
      0.64,
      0.49,
      0.6,
      0.52,
      0.66,
      0.56,
      0.6,
      0.64,
      0.56,
      0.54,
      0.61,
      0.55,
      0.61,
      0.61,
      0.68,
      0.51,
      0.54,
      0.6,
      0.63
    ],
    "maxUploadRtt": [
      259.02,
      256.88,
      2.21,
      4.96,
      1.61,
      2.84,
      1.46,
      2.02,
      1.95,
      1.7,
      1.64,
      1.73,
      1.63,
      1.69,
      1.76,
      1.82,
      1.6,
      1.94,
      4.97,
      1.76,
      2.37,
      2.98,
      4.66,
      1.75,
      1.68,
      1.87,
      1.38,
      1.43,
      1.62,
      1.5,
      2.48,
      1.92,
      1.61,
      2.08,
      1.37,
      1.42,
      1.69,
      1.62,
      4.72,
      4.63
    ],
    "avgDownloadThroughputMbps": [
      162.3046123,
      136.04338019999997,
      148.1269724,
      141.43269890000002,
      150.6284505,
      142.3508755,
      152.9093781,
      138.49488019999998,
      150.56664619999998,
      144.4936407,
      151.0911873,
      133.3736704,
      141.1314121,
      130.4870226,
      136.6175487,
      131.51701140000003,
      144.56646460000002,
      134.7952437,
      138.7842969,
      130.4080204,
      136.5989306,
      130.15051699999998,
      149.4422533,
      139.87537720000003,
      152.0191748,
      142.4942195,
      153.875198,
      142.49989000000002,
      144.5696888,
      155.2092642,
      154.1714533,
      143.0366773,
      151.1492631,
      139.631965,
      165.6585891,
      152.7783599,
      143.4200679,
      154.77708439999998,
      142.40796909999997,
      132.7810484
    ],
    "avgDownloadRttMs": [
      8.4336,
      13.762,
      0.9642000000000001,
      1.0269,
      0.9301,
      0.9933,
      0.9251999999999999,
      1.0165,
      0.9401,
      0.9641,
      0.9323,
      1.0609,
      0.9909,
      1.0783,
      1.0385,
      1.08,
      0.9826999999999999,
      1.0476,
      1.0672,
      1.0762,
      1.0447,
      1.0928,
      0.9779000000000001,
      1.0106,
      0.9314,
      1.008,
      0.9106000000000001,
      0.978,
      0.9665,
      0.9081999999999999,
      0.9279000000000001,
      0.9902,
      0.9354,
      1.0142,
      0.8368000000000001,
      0.8992,
      0.9788,
      0.9117000000000001,
      1.0334999999999999,
      1.0932
    ],
    "minDownloadThroughput": [
      0.5136000000000001,
      0.5179,
      60.265910000000005,
      26.796380000000003,
      82.73906,
      46.78412,
      91.24592999999999,
      65.77022,
      68.27466,
      78.10719999999999,
      81.22596,
      77.07549,
      81.64969,
      78.5476,
      75.63388,
      73.22765,
      83.13181,
      68.46613,
      26.772119999999997,
      75.6057,
      56.0369,
      44.712559999999996,
      28.55334,
      76.11636999999999,
      79.4079,
      71.23008999999999,
      96.49789999999999,
      92.87908,
      82.04243,
      88.88889,
      53.68304,
      69.23758000000001,
      82.44663,
      64.08632,
      97.31319,
      93.97139,
      78.80102000000001,
      82.26310000000001,
      28.21304,
      28.75421
    ],
    "maxDownloadThroughput": [
      257.18151,
      219.53795000000002,
      247.42421,
      223.10917999999998,
      238.93679,
      221.88124,
      236.01207,
      209.23560999999998,
      252.36081,
      211.1746,
      241.05817000000002,
      223.20275,
      226.52818,
      237.15482,
      236.97898,
      216.67753,
      244.02825,
      216.39558,
      248.6729,
      205.51479,
      247.23353,
      206.33115,
      272.87458000000004,
      223.1466,
      255.11024,
      202.09631,
      237.7625,
      222.45632,
      206.4396,
      236.8735,
      247.60839,
      218.42060999999998,
      241.19662,
      216.90714000000003,
      218.85178,
      196.38349,
      263.05485999999996,
      246.74393,
      222.40054,
      211.07408999999998
    ],