{
  "title": "Range Test from 1 to [2] on Wifi Adapter. GetPerf: True, UWB: False ",
  "data": {
    "targetDrone": [
      2,
      2
    ],
    "avgUploadThroughputMbps": [
      321.8072549,
      318.31604219999997
    ],
    "avgUploadRttMs": [
      8.0677,
      8.059199999999999
    ],
    "minUploadThroughput": [
      0.5182,
      0.5120399999999999
    ],
    "maxUploadThroughput": [
      504.69019000000003,
      500.69396
    ],
    "minUploadRtt": [
      0.26,
      0.27
    ],
    "maxUploadRtt": [
      256.24,
      259.32
    ],
    "avgDownloadThroughputMbps": [
      322.2867954,
      318.791467
    ],
    "avgDownloadRttMs": [
      8.0677,
      8.059199999999999
    ],
    "minDownloadThroughput": [
      0.51898,
      0.51282
    ],
    "maxDownloadThroughput": [
      505.41995000000003,
      501.41794
    ],
    "minDownloadRtt": [
      0.26,
      0.27
    ],
    "maxDownloadRtt": [
      256.24,
      259.32
    ],
    "uwbRange": [
      0,
      0
    ],
    "cpuLoad": [
      0,
      0
    ],
    "memoryUsage": [
      0,
      0
    ]
  }
}