{
  "title": "Range Test from 1 to [2, 3] on Wifi Adapter. GetPerf: True, UWB: True ",
  "data": {
    "targetDrone": [
      2,
      3,
      3,
      2,
      2,
      3,
      2,
      3,
      2,
      3
    ],
    "avgUploadThroughputMbps": [
      40.6330108,
      38.9639945,
      37.8480357,
      40.2268618,
      39.9130251,
      38.3148767,
      44.377768200000006,
      43.51291559999999,
      42.280342000000005,
      39.103652499999995
    ],
    "avgUploadRttMs": [
      3.5612,
      3.7849,
      3.8125999999999998,
      3.5820999999999996,
      3.7029,
      3.8857999999999997,
      3.23,
      3.2998000000000003,
      3.3775999999999997,
      3.6562
    ],
    "minUploadThroughput": [
      17.21022,
      16.35241,
      18.40136,
      19.58589,
      19.40821,
      20.07328,
      19.258680000000002,
      26.44585,
      21.25611,
      21.92615
    ],
    "maxUploadThroughput": [
      114.48169,
      165.15134,
      97.03538999999999,
      124.17609,
      129.51452,
      125.41866999999999,
      99.13887,
      89.84649,
      96.83382,
      92.20988
    ],
    "minUploadRtt": [
      1.16,
      0.8,
      1.37,
      1.07,
      1.03,
      1.06,
      1.34,
      1.48,
      1.37,
      1.44
    ],
    "maxUploadRtt": [
      7.72,
      8.12,
      7.22,
      6.78,
      6.85,
      6.62,
      6.9,
      5.02,
      6.25,
      6.06
    ],
    "avgDownloadThroughputMbps": [
      40.688699500000006,
      39.0172772,
      37.8998765,
      40.282134899999996,
      39.9679004,
      38.3676209,
      44.438814699999995,
      43.57252690000001,
      42.338513,
      39.1572045
    ],
    "avgDownloadRttMs": [
      3.5612,
      3.7849,
      3.8125999999999998,
      3.5820999999999996,
      3.7029,
      3.8857999999999997,
      3.23,
      3.2998000000000003,
      3.3775999999999997,
      3.6562
    ],
    "minDownloadThroughput": [
      17.23405,
      16.375059999999998,
      18.426849999999998,
      19.61302,
      19.433919999999997,
      20.101080000000003,
      19.285349999999998,
      26.482470000000003,
      21.28299,
      21.956509999999998
    ],
    "maxDownloadThroughput": [
      114.64024,
      165.38007000000002,
      97.16393,
      124.34807,
      129.69389999999999,
      125.59236999999999,
      99.27617,
      89.96551,
      96.96793,
      92.33758999999999
    ],
    "minDownloadRtt": [
      1.16,
      0.8,
      1.37,
      1.07,
      1.03,
      1.06,
      1.34,
      1.48,
      1.37,
      1.44
    ],
    "maxDownloadRtt": [
      7.72,
      8.12,
      7.22,
      6.78,
      6.85,
      6.62,
      6.9,
      5.02,
      6.25,
      6.06
    ],
    "uwbRange": [
      0,
      0,
      0,
      0,
      0,
      0,
      0,
      0,
      0,
      0
    ],
    "cpuLoad": [
      0,
      0,
      0,
      0,
      0,
      0,
      0,
      0,
      0,
      0
    ],
    "memoryLoad": [
      0,
      0,
      0,
      0,
      0,
      0,
      0,
      0,
      0,
      0
    ]
  }
}