{
  "title": "Range Test from 1 to [2, 3, 4] on Wifi Adapter. GetPerf: True, UWB: False ",
  "data": {
    "targetDrone": [
      2,
      2,
      2,
      2,
      2,
      2,
      2,
      2,
      2,
      2,
      2,
      2,
      2,
      2,
      2,
      2,
      2,
      2,
      2,
      2,
      2,
      2,
      2,
      2,
      2,
      2,
      2,
      2,
      2,
      2,
      2
    ],
    "avgUploadThroughputMbps": [
      83.0003588,
      76.7089675,
      74.6372818,
      67.0267287,
      68.32190860000001,
      62.3886463,
      68.71517560000001,
      67.84833169999999,
      42.707841900000005,
      42.0178318,
      39.8567835,
      47.0547752,
      48.9901503,
      49.818896200000005,
      51.3009013,
      50.2248237,
      46.95193330000001,
      44.5999746,
      43.633982100000004,
      76.8051508,
      88.0419131,
      66.11187790000001,
      81.1615518,
      91.0296566,
      89.54303750000001,
      85.7969731,
      98.3420303,
      111.56120130000002,
      118.1330982,
      107.8205915,
      113.11336349999999
    ],
    "avgUploadRttMs": [
      2.0083,
      2.1971000000000003,
      2.1826,
      2.3427000000000002,
      2.3609,
      2.5037000000000003,
      2.2937,
      2.5631,
      3.946,
      3.6329000000000002,
      4.0139,
      3.5860000000000003,
      3.1824,
      4.2911,
      3.0753000000000004,
      3.0312,
      3.3771999999999998,
      3.5102999999999995,
      4.6917,
      2.3124000000000002,
      2.0097,
      2.6935000000000002,
      2.2211,
      1.776,
      1.9337,
      1.9972999999999999,
      1.751,
      1.4437,
      1.3538,
      1.5236,
      1.5156999999999998
    ],
    "minUploadThroughput": [
      30.371669999999998,
      25.81864,
      25.738400000000002,
      26.440279999999998,
      29.666220000000003,
      28.18178,
      30.92856,
      25.998849999999997,
      9.73346,
      15.40278,
      7.9793400000000005,
      5.44834,
      16.862099999999998,
      2.0875500000000002,
      12.896030000000001,
      18.554029999999997,
      16.74297,
      13.165569999999999,
      3.4757399999999996,
      23.95938,
      28.15341,
      8.30291,
      22.08529,
      28.38897,
      27.58455,
      26.3485,
      25.956169999999997,
      36.33012,
      44.94476,
      33.25247,
      28.81107
    ],
    "maxUploadThroughput": [
      270.80937,
      200.84979,
      176.46228,
      202.37981,
      239.14305,
      188.65505,
      165.6053,
      189.69224,
      83.76605,
      84.37795,
      79.60447,
      89.54866,
      95.92144,
      85.24981,
      86.96894,
      84.08950999999999,
      86.69125,
      88.45442,
      88.31034,
      197.40225,
      263.86963000000003,
      200.77387,
      246.76207,
      213.26482000000001,
      319.9614,
      255.12726999999998,
      225.92398,
      276.10057,
      322.9958,
      284.61963000000003,
      318.92435
    ],
    "minUploadRtt": [
      0.49,
      0.66,
      0.75,
      0.66,
      0.56,
      0.7,
      0.8,
      0.7,
      1.59,
      1.57,
      1.67,
      1.48,
      1.38,
      1.56,
      1.53,
      1.58,
      1.53,
      1.5,
      1.5,
      0.67,
      0.5,
      0.66,
      0.54,
      0.62,
      0.42,
      0.52,
      0.59,
      0.48,
      0.41,
      0.47,
      0.42
    ],
    "maxUploadRtt": [
      4.37,
      5.14,
      5.16,
      5.02,
      4.48,
      4.71,
      4.29,
      5.11,
      13.65,
      8.62,
      16.65,
      24.38,
      7.88,
      63.63,
      10.3,
      7.16,
      7.93,
      10.09,
      38.22,
      5.54,
      4.72,
      16.0,
      6.01,
      4.68,
      4.82,
      5.04,
      5.12,
      3.66,
      2.96,
      3.99,
      4.61
    ],
    "avgDownloadThroughputMbps": [
      83.1244703,
      76.82349339999999,
      74.7489047,
      67.1268887,
      68.4237098,
      62.481365999999994,
      68.8176403,
      67.9496516,
      42.77158440000001,
      42.0803988,
      39.9161271,
      47.124697,
      49.0630954,
      49.8934365,
      51.3774949,
      50.2998897,
      47.0217382,
      44.666685799999996,
      43.6989667,
      76.9194425,
      88.1735167,
      66.2103346,
      81.2830107,
      91.1653968,
      89.67626849999999,
      85.92530740000001,
      98.4891205,
      111.727704,
      118.30930810000001,
      107.98188630000001,
      113.28235130000002
    ],
    "avgDownloadRttMs": [
      2.0083,
      2.1971000000000003,
      2.1826,
      2.3427000000000002,
      2.3609,
      2.5037000000000003,
      2.2937,
      2.5631,
      3.946,
      3.6329000000000002,
      4.0139,
      3.5860000000000003,
      3.1824,
      4.2911,
      3.0753000000000004,
      3.0312,
      3.3771999999999998,
      3.5102999999999995,
      4.6917,
      2.3124000000000002,
      2.0097,
      2.6935000000000002,
      2.2211,
      1.776,
      1.9337,
      1.9972999999999999,
      1.751,
      1.4437,
      1.3538,
      1.5236,
      1.5156999999999998
    ],
    "minDownloadThroughput": [
      30.4174,
      25.85752,
      25.777150000000002,
      26.48009,
      29.7091,
      28.22421,
      30.97513,
      26.034860000000002,
      9.74811,
      15.42597,
      7.991350000000001,
      5.45655,
      16.88748,
      2.0907,
      12.91545,
      18.58196,
      16.76818,
      13.1846,
      3.48076,
      23.99545,
      28.1958,
      8.31491,
      22.11722,
      28.431720000000002,
      27.62608,
      26.38817,
      25.99525,
      36.38482,
      45.01243,
      33.30054,
      28.85445
    ],
    "maxDownloadThroughput": [
      271.21712,
      201.15220000000002,
      176.72798,
      202.68453,
      239.50311,
      188.9391,
      165.85464000000002,
      189.97786,
      83.89217,
      84.49992,
      79.72432,
      89.68349,
      96.06586999999999,
      85.37817,
      87.09988,
      84.21611999999999,
      86.82179,
      88.58760000000001,
      88.44331,
      197.69947,
      264.26693,
      201.07617000000002,
      247.11875,
      213.58593,
      320.44315,
      255.51141,
      226.26414000000003,
      276.51628999999997,
      323.48212,
      285.04816999999997,
      319.36612
    ],
    "minDownloadRtt": [
      0.49,
      0.66,
      0.75,
      0.66,
      0.56,
      0.7,
      0.8,
      0.7,
      1.59,
      1.57,
      1.67,
      1.48,
      1.38,
      1.56,
      1.53,
      1.58,
      1.53,
      1.5,
      1.5,
      0.67,
      0.5,
      0.66,
      0.54,
      0.62,
      0.42,
      0.52,
      0.59,
      0.48,
      0.41,
      0.47,
      0.42
    ],
    "maxDownloadRtt": [
      4.37,
      5.14,
      5.16,
      5.02,
      4.48,
      4.71,
      4.29,
      5.11,
      13.65,
      8.62,
      16.65,
      24.38,
      7.88,
      63.63,
      10.3,
      7.16,
      7.93,
      10.09,
      38.22,
      5.54,
      4.72,
      16.0,
      6.01,
      4.68,
      4.82,
      5.04,
      5.12,
      3.66,
      2.96,
      3.99,
      4.61
    ],
    "uwbRange": [
      0,
      0,
      0,
      0,
      0,
      0,
      0,
      0,
      0,
      0,
      0,
      0,
      0,
      0,
      0,
      0,
      0,
      0,
      0,
      0,
      0,
      0,
      0,
      0,
      0,
      0,
      0,
      0,
      0,
      0,
      0
    ],
    "cpuLoad": [
      0,
      0,
      0,
      0,
      0,
      0,
      0,
      0,
      0,
      0,
      0,
      0,
      0,
      0,
      0,
      0,
      0,
      0,
      0,
      0,
      0,
      0,
      0,
      0,
      0,
      0,
      0,
      0,
      0,
      0,
      0
    ],
    "memoryUsage": [
      0,
      0,
      0,
      0,
      0,
      0,
      0,
      0,
      0,
      0,
      0,
      0,
      0,
      0,
      0,
      0,
      0,
      0,
      0,
      0,
      0,
      0,
      0,
      0,
      0,
      0,
      0,
      0,
      0,
      0,
      0
    ]
  }
}