{
  "title": "Range Test from 2 to [] on PI Network Card. GetPerf: False, UWB: False ",
  "data": {
    "targetDrone": [
      1,
      1,
      1,
      1,
      1
    ],
    "avgUploadThroughputMbps": [
      160.52027550000003,
      163.6069402,
      161.648561,
      170.5315051,
      167.98565670000002
    ],
    "avgUploadRttMs": [
      0.8682000000000001,
      0.8403,
      0.8587,
      0.8166,
      0.8273
    ],
    "minUploadThroughput": [
      58.63935,
      103.9881,
      90.00203,
      75.248,
      92.69592999999999
    ],
    "maxUploadThroughput": [
      223.96763,
      232.37229000000002,
      222.11371,
      241.16931,
      251.56928
    ],
    "minUploadRtt": [
      0.59,
      0.57,
      0.6,
      0.55,
      0.53
    ],
    "maxUploadRtt": [
      2.27,
      1.28,
      1.48,
      1.77,
      1.43
    ],
    "avgDownloadThroughputMbps": [
      160.7411048,
      163.8310386,
      161.8706513,
      170.7651586,
      168.21641129999998
    ],
    "avgDownloadRttMs": [
      0.8682000000000001,
      0.8403,
      0.8587,
      0.8166,
      0.8273
    ],
    "minDownloadThroughput": [
      58.720589999999994,
      104.13216,
      90.1213,
      75.3477,
      92.82433999999999
    ],
    "maxDownloadThroughput": [
      224.27789,
      232.69420000000002,
      222.40802,
      241.5034,
      251.91779
    ],
    "minDownloadRtt": [
      0.59,
      0.57,
      0.6,
      0.55,
      0.53
    ],
    "maxDownloadRtt": [
      2.27,
      1.28,
      1.48,
      1.77,
      1.43
    ],
    "uwbRange": [
      0,
      0,
      0,
      0,
      0
    ],
    "cpuLoad": [
      0,
      0,
      0,
      0,
      0
    ],
    "memoryUsage": [
      0,
      0,
      0,
      0,
      0
    ]
  }
}